<?xml version="1.0" encoding="UTF-8"?>
<productcatalog>
<a_accessories>
		<a_accessory >
			<a_image>acc_1.jpg</a_image>
			<a_name>Wireless Mouse</a_name>
			<a_condition>new</a_condition>
			<a_price>25</a_price>
			<a_retailer>Logitech</a_retailer>
			<a_discount>00</a_discount>
			<a_rebate>15</a_rebate>
		</a_accessory>
		<a_accessory >
			<a_image>acc_2.jpg</a_image>
			<a_name>Mobile Hard Cover</a_name>
			<a_condition>new</a_condition>
			<a_price>21</a_price>
			<a_retailer>Motorola</a_retailer>
			<a_discount>00</a_discount>
			<a_rebate>5</a_rebate>
		</a_accessory>
		<a_accessory >
			<a_image>acc_3.jpg</a_image>
			<a_name>Laptop Bag</a_name>
			<a_condition>new</a_condition>
			<a_price>14</a_price>
			<a_retailer>Dell</a_retailer>
			<a_discount>00</a_discount>
			<a_rebate>2</a_rebate>
		
		</a_accessory>
		<a_accessory >
			<a_image>acc_4.jpg</a_image>
			<a_name>USB Outlet</a_name>
			<a_condition>new</a_condition>
			<a_price>30</a_price>
			<a_retailer>WC</a_retailer>
			<a_discount>00</a_discount>
			<a_rebate>5</a_rebate>
		</a_accessory>
		<a_accessory >
			<a_image>acc_5.jpg</a_image>
			<a_name>Selfie Stick</a_name>
			<a_condition>new</a_condition>
			<a_price>10</a_price>
			<a_retailer>Gorad</a_retailer>
			<a_discount>00</a_discount>
			<a_rebate>1</a_rebate>
		</a_accessory>
		<a_accessory >
			<a_image>acc_6.jpg</a_image>
			<a_name>Keyboard Protection</a_name>
			<a_condition>new</a_condition>
			<a_price>11</a_price>
			<a_retailer>Hp</a_retailer>
			<a_discount>00</a_discount>
			<a_rebate>15</a_rebate>
		</a_accessory>
		<a_accessory >
			<a_image>acc_7.jpg</a_image>
			<a_name>Portable Battery</a_name>
			<a_condition>new</a_condition>
			<a_price>28</a_price>
			<a_retailer>Naptor</a_retailer>
			<a_discount>00</a_discount>
			<a_rebate>5</a_rebate>
		</a_accessory>
		<a_accessory >
			<a_image>acc_8.jpg</a_image>
			<a_name>Printer</a_name>
			<a_condition>new</a_condition>
			<a_price>19</a_price>
			<a_retailer>Epson</a_retailer>
			<a_discount>00</a_discount>
			<a_rebate>10</a_rebate>
		</a_accessory>
		<a_accessory >
			<a_image>acc_9.jpg</a_image>
			<a_name>Motion Detector</a_name>
			<a_condition>new</a_condition>
			<a_price>21</a_price>
			<a_retailer>Serene</a_retailer>
			<a_discount>00</a_discount>
			<a_rebate>14</a_rebate>
		</a_accessory>
		<a_accessory >
			<a_image>acc_10.jpg</a_image>
			<a_name>PowerBank</a_name>
			<a_condition>new</a_condition>
			<a_price>30</a_price>
			<a_retailer>Hp</a_retailer>
			<a_discount>00</a_discount>
			<a_rebate>5</a_rebate>
		</a_accessory>
	</a_accessories>
    <productcategory id="Watches">
		<product>
			<image>Watch_11.jpg</image>
			<name>TOMMY HILFIGER</name>
			<condition>New</condition>
			<price>150</price>
			<retailer>TOMMY HILFIGER</retailer>
			<discount>10</discount>
			<rebate>5</rebate>
			<a_accessories>
				<a_accessory>
					<a_name>PowerBank</a_name>
				</a_accessory>
			</a_accessories>
		</product>
		<product>
			<image>Watch_12.jpg</image>
			<name>TITAN</name>
			<condition>New</condition>
			<price>120</price>
			<retailer>TITAN</retailer>
			<discount>50</discount>
			<rebate>6</rebate>
			<accessories>
				<accessory>PowerBank</accessory>
			</accessories>
		</product>
		<product>
			<image>Watch_13.jpg</image>
			<name>FOSSIL FX</name>
			<condition>New</condition>
			<price>130</price>
			<retailer>FOSSIL</retailer>
			<discount>30</discount>
			<rebate>1</rebate>
			<accessories>
				<accessory>PowerBank</accessory>
			</accessories>
		</product>
		<product>
			<image>Watch_14.jpg</image>
			<name>MONT BlANC B-Class</name>
			<condition>New</condition>
			<price>210</price>
			<retailer>MONT BLANC</retailer>
			<discount>20</discount>
			<rebate>10</rebate>
			<accessories>
				<accessory>Wireless Mouse</accessory>
				<accessory>Motion Detector</accessory>
				<accessory>Laptop Bag</accessory>
				<accessory>USB Outlets</accessory>
			</accessories>
		</product>
		<product>
			<image>Watch_15.jpg</image>
			<name>ROLEX X-Collection</name>
			<condition>New</condition>
			<price>280</price>
			<retailer>ROLEX</retailer>
			<discount>10</discount>
			<rebate>9</rebate>
			<accessories>
			</accessories>
		</product>
		<product>
			<image>Watch_16.jpg</image>
			<name>TISSOT-TKS</name>
			<condition>New</condition>
			<price>310</price>
			<retailer>TISSOT</retailer>
			<discount>50</discount>
			<rebate>0</rebate>
			<accessories>
				<accessory>Printer</accessory>
				<accessory>Portable Battery</accessory>
				</accessories>
		</product>
		<product>
			<image>Watch_17.jpg</image>
			<name>OMEGA O57</name>
			<condition>New</condition>
			<price>150</price>
			<retailer>OMEGA</retailer>
			<discount>60</discount>
			<rebate>5</rebate>
			<accessories>
				<accessory>Mobile Hard Cover</accessory>
				<accessory>Printer</accessory>
			</accessories>
		</product>
		<product>
			<image>Watch_18.jpg</image>
			<name>GUCCI GRC</name>
			<condition>New</condition>
			<price>300</price>
			<retailer>GUCCI</retailer>
			<discount>20</discount>
			<rebate>9</rebate>
			<accessories>
				<accessory>Keyboard Protection</accessory>
				</accessories>
		</product>
		<product>
			<image>Watch_19.jpg</image>
			<name>HUAWEI H55</name>
			<condition>New</condition>
			<price>450</price>
			<retailer>HUAWEI</retailer>
			<discount>30</discount>
			<rebate>5</rebate>
			<accessories>
				<accessory>USB Outlets</accessory>
				<accessory>Laptop Bag</accessory>
			</accessories>
		</product>
		<product>
			<image>Watch_20.jpg</image>
			<name>POLICE X-GC</name>
			<condition>New</condition>
			<price>395</price>
			<retailer>POLICE</retailer>
			<discount>10</discount>
			<rebate>2</rebate>
			<accessories>
			</accessories>
		</product>
	</productcategory>
	<productcategory id="Mobiles">
		<product>
			<image>Mobile_21.jpg</image>
			<name>I-PHONE 7</name>
			<condition>New</condition>
			<price>700</price>
			<retailer>APPLE</retailer>
			<discount>50</discount>
			<rebate>8</rebate>
			<accessories>
				<accessory>Selfie Stick</accessory>
				<accessory>Mobile Hard Cover</accessory>
			</accessories>
		</product>
		<product>
			<image>Mobile_22.jpg</image>
			<name>I-PHONE</name>
			<condition>New</condition>
			<price>620</price>
			<retailer>APPLE</retailer>
			<discount>30</discount>
			<rebate>5</rebate>
			<accessories>
				<accessory>Printer</accessory>
				<accessory>Wireless Mouse</accessory>
			</accessories>
		</product>
		<product>
			<image>Mobile_23.jpg</image>
			<name>GOOGLE_PIXEL</name>
			<condition>New</condition>
			<price>650</price>
			<retailer>GOOGLE</retailer>
			<discount>60</discount>
			<rebate>9</rebate>
			<accessories>
				<accessory>Wireless Mouse</accessory>
			</accessories>
		</product>
		<product>
			<image>Mobile_24.jpg</image>
			<name>MOTO G5</name>
			<condition>New</condition>
			<price>500</price>
			<retailer>MOTOROLA</retailer>
			<discount>40</discount>
			<rebate>0</rebate>
				
			<accessories>
				<accessory>Selfie Stick</accessory>
				<accessory>Portable Battery</accessory>
				<accessory>Printer</accessory>
				<accessory>Mobile Hard Cover</accessory>
			</accessories>
		</product>
		<product>
			<image>Mobile_25.jpg</image>
			<name>oneplus</name>
			<condition>New</condition>
			<price>490</price>
			<retailer>oneplus</retailer>
			<discount>80</discount>
			<rebate>1</rebate>
			<accessories>
			</accessories>
		</product>
		<product>
			<image>Mobile_26.jpg</image>
			<name>ONE_PLUS_5</name>
			<condition>New</condition>
			<price>450</price>
			<retailer>ONE PLUS</retailer>
			<discount>50</discount>
			<rebate>0</rebate>
			<accessories>
				<accessory>Laptop Bag</accessory>
				<accessory>Wireless Mouse</accessory>
			</accessories>
		</product>
		<product>
			<image>Mobile_27.jpg</image>
			<name>HTC ONE</name>
			<condition>New</condition>
			<price>420</price>
			<retailer>HTC</retailer>
			<discount>10</discount>
			<rebate>5</rebate>
			<accessories>
				<accessory>Mobile Hard Cover</accessory>
				<accessory>Selfie Stick</accessory>
			</accessories>
		</product>
		<product>
			<image>Mobile_28.jpg</image>
			<name>LG G5+</name>
			<condition>New</condition>
			<price>350</price>
			<retailer>LG</retailer>
			<discount>70</discount>
			<rebate>10</rebate>
			<accessories>
				<accessory>Keyboard Protection</accessory>
				<accessory>Printer</accessory>
			</accessories>
		</product>
		<product>
			<image>Mobile_29.jpg</image>
			<name>SAMSUNG GALAXY S2</name>
			<condition>New</condition>
			<price>340</price>
			<retailer>SAMSUNG</retailer>
			<discount>40</discount>
			<rebate>14</rebate>
			<accessories>
				<accessory>Wireless Mouse</accessory>
				</accessories>
		</product>
		<product>
			<image>Mobile_30.jpg</image>
			<name>OPPO F1+</name>
			<condition>New</condition>
			<price>320</price>
			<retailer>OPPO</retailer>
			<discount>50</discount>
			<rebate>5</rebate>
			<accessories>
			</accessories>
		</product>
	</productcategory>
	<productcategory id="Laptops">
		<product>
			<image>Laptop_31.jpg</image>
			<name>APPLE_MACBOOK_PRO</name>
			<condition>New</condition>
			<price>950</price>
			<retailer>APPLE</retailer>
			<discount>100</discount>
			<rebate>15</rebate>
			<accessories>
				<accessory>Keyboard Protection</accessory>
				<accessory>Wireless Mouse</accessory>
			</accessories>
		</product>
		<product>
			<image>Laptop_32.jpg</image>
			<name>DELL</name>
			<condition>New</condition>
			<price>720</price>
			<retailer>DELL</retailer>
			<discount>90</discount>
			<rebate>5</rebate>
			<accessories>
				<accessory>Printer</accessory>
				<accessory>Wireless Mouse</accessory>
			</accessories>
		</product>
		<product>
			<image>Laptop_33.jpg</image>
			<name>LENOVO L5</name>
			<condition>New</condition>
			<price>650</price>
			<retailer>LENOVO</retailer>
			<discount>70</discount>
			<rebate>10</rebate>
			<accessories>
				<accessory>Keyboard Protection</accessory>
			</accessories>
		</product>
		<product>
			<image>Laptop_34.jpg</image>
			<name>Toshiba 43" Class (42.5" Diag.) LED 1080p HDTV</name>
			<condition>New</condition>
			<price>580</price>
			<retailer>TOSHIBA</retailer>
			<discount>110</discount>
			<rebate>15</rebate>
			<accessories>
			</accessories>
		</product>
		<product>
			<image>Laptop_35.jpg</image>
			<name>HP</name>
			<condition>New</condition>
			<price>630</price>
			<retailer>HP</retailer>
			<discount>120</discount>
			<rebate>10</rebate>
			<accessories>
			</accessories>
		</product>
		<product>
			<image>Laptop_36.jpg</image>
			<name>SAMSUNG</name>
			<condition>New</condition>
			<price>590</price>
			<retailer>SAMSUNG</retailer>
			<discount>80</discount>
			<rebate>10</rebate>
			<accessories>
				<accessory>Portable Battery</accessory>
				<accessory>Wireless Mouse</accessory>
			</accessories>
		</product>
		<product>
			<image>Laptop_37.jpg</image>
			<name>ASUS</name>
			<condition>New</condition>
			<price>560</price>
			<retailer>ASUS</retailer>
			<discount>90</discount>
			<rebate>5</rebate>
			<accessories>
			</accessories>
		</product>
		<product>
			<image>Laptop_38.jpg</image>
			<name>ACER_BlueBook</name>
			<condition>New</condition>
			<price>600</price>
			<retailer>ACER</retailer>
			<discount>100</discount>
			<rebate>0</rebate>
			<accessories>
			<accessory>Wireless Mouse</accessory>
			</accessories>
		</product>
		<product>
			<image>Laptop_39.jpg</image>
			<name>SONY_VAIO</name>
			<condition>New</condition>
			<price>550</price>
			<retailer>SONY</retailer>
			<discount>90</discount>
			<rebate>5</rebate>
			<accessories>
				<accessory>Portable Battery</accessory>
			</accessories>
		</product>
		<product>
			<image>Laptop_40.jpg</image>
			<name>Microsoft Surface Pro 4 12.3" 128GB Intel Core i5 - Silver</name>
			<condition>New</condition>
			<price>680</price>
			<retailer>MICROSOFT</retailer>
			<discount>80</discount>
			<rebate>18</rebate>
			<accessories>
			</accessories>
		</product>
	</productcategory>
    <productcategory id="Speakers">
		<product>
			<image>Speaker_41.jpg</image>
			<name>BOSE SOUNDLINK MINI</name>
			<condition>New</condition>
			<price>300</price>
			<retailer>BOSE</retailer>
			<discount>50</discount>
			<rebate>5</rebate>
			<accessories>
				<accessory>Selfie Stick</accessory>
				<accessory>PowerBank</accessory>
			</accessories>
		</product>
		<product>
			<image>Speaker_42.jpg</image>
			<name>KLIPSCH K56</name>
			<condition>New</condition>
			<price>250</price>
			<retailer>KLIPSCH</retailer>
			<discount>70</discount>
			<rebate>5</rebate>
			<accessories>
				<accessory>Mobile Hard Cover</accessory>
				<accessory>Wireless Mouse</accessory>
			</accessories>
		</product>
		<product>
			<image>Speaker_43.jpg</image>
			<name>HARMON KARDON K990</name>
			<condition>New</condition>
			<price>270</price>
			<retailer>HARMON KARDON</retailer>
			<discount>40</discount>
			<rebate>7</rebate>
			<accessories>
				<accessory>USB Outlets</accessory>
			</accessories>
		</product>
		<product>
			<image>Speaker_44.jpg</image>
			<name>LOGITECH LSP6</name>
			<condition>New</condition>
			<price>210</price>
			<retailer>LOGITECH</retailer>
			<discount>80</discount>
			<rebate>0</rebate>
			<accessories>
				<accessory>Mobile Hard Cover</accessory>
				<accessory>USB Outlets</accessory>
				<accessory>Printer</accessory>
			</accessories>
		</product>
		<product>
			<image>Speaker_45.jpg</image>
			<name>CREATIVE 5X</name>
			<condition>New</condition>
			<price>240</price>
			<retailer>CREATIVE</retailer>
			<discount>30</discount>
			<rebate>14</rebate>
			<accessories>
			</accessories>
		</product>
		<product>
			<image>Speaker_46.jpg</image>
			<name>ALTEC LANSING</name>
			<condition>New</condition>
			<price>250</price>
			<retailer>ALTEC</retailer>
			<discount>60</discount>
			<rebate>5</rebate>
			<accessories>
				<accessory>Keyboard Protection</accessory>
				<accessory>Motion Detector</accessory>
				<accessory>Selfie Stick</accessory>
			</accessories>
		</product>
		<product>
			<image>Speaker_47.jpg</image>
			<name>BOSE SOUNDLINK S-PRO</name>
			<condition>New</condition>
			<price>200</price>
			<retailer>BOSE</retailer>
			<discount>30</discount>
			<rebate>0</rebate>
			<accessories>
				<accessory>Portable Battery</accessory>
				<accessory>PowerBank</accessory>
			</accessories>
		</product>
		<product>
			<image>Speaker_48.jpg</image>
			<name>AMBRANE A-BOMB</name>
			<condition>New</condition>
			<price>320</price>
			<retailer>AMBRANE</retailer>
			<discount>50</discount>
			<rebate>0</rebate>
			<accessories>
				<accessory>Laptop Bag</accessory>
				<accessory>Selfie Stick</accessory>
			</accessories>
		</product>
		<product>
			<image>Speaker_49.jpg</image>
			<name>JBL GO</name>
			<condition>New</condition>
			<price>350</price>
			<retailer>JBL</retailer>
			<discount>40</discount>
			<rebate>10</rebate>
			<accessories>
			</accessories>
		</product>
		<product>
			<image>Speaker_50.jpg</image>
			<name>MUSIC ANGEL Goosebumps</name>
			<condition>New</condition>
			<price>310</price>
			<retailer>MUSIC ANGEL</retailer>
			<discount>40</discount>
			<rebate>2</rebate>
			<accessories>
			<accessories>
			</accessories>
		</product>
	</productcategory>
	<productcategory id="Earphones">
		<product>
			<image>Earphone_51.jpg</image>
			<name>BEATS GOPRO</name>
			<condition>New</condition>
			<price>210</price>
			<retailer>BEATS</retailer>
			<discount>30</discount>
			<rebate>0</rebate>
			<accessories>
			</accessories>
		</product>
		<product>
			<image>Earphone_52.jpg</image>
			<name>STEAMPUNK SP</name>
			<condition>New</condition>
			<price>180</price>
			<retailer>STEAMPUNK</retailer>
			<discount>10</discount>
			<rebate>0</rebate>
			<accessories>
				<accessory>Printer</accessory>
				<accessory>Motion Detector</accessory>
			</accessories>
		</product>
		<product>
			<image>Earphone_53.jpg</image>
			<name>SAMSUNG Earbuds</name>
			<condition>New</condition>
			<price>150</price>
			<retailer>SAMSUNG</retailer>
			<discount>10</discount>
			<rebate>0</rebate>
			<accessories>
				<accessory>USB Outlets</accessory>
			</accessories>
		</product>
		<product>
			<image>Earphone_54.jpg</image>
			<name>SKULLCANDY CREATIVE</name>
			<condition>New</condition>
			<price>170</price>
			<retailer>SKULLCANDY</retailer>
			<discount>10</discount>
			<rebate>0</rebate>
			<accessories>
				<accessory>Selfie Stick</accessory>
				<accessory>Portable Battery</accessory>
				<accessory>Mobile Hard Cover</accessory>
				</accessories>
		</product>
		<product>
			<image>Earphone_55.jpg</image>
			<name>OlIVER RED PULSE</name>
			<condition>New</condition>
			<price>110</price>
			<retailer>OLIVER</retailer>
			<discount>50</discount>
			<rebate>0</rebate>
			<accessories>
			</accessories>
		</product>
		<product>
			<image>Earphone_56.jpg</image>
			<name>CREATIVE GC501</name>
			<condition>New</condition>
			<price>130</price>
			<retailer>CREATIVE</retailer>
			<discount>10</discount>
			<rebate>0</rebate>
			<accessories>
				<accessory>Selfie Stick</accessory>
				<accessory>Wireless Mouse</accessory>
			</accessories>
		</product>
		<product>
			<image>Earphone_57.jpg</image>
			<name>AURVANA AIR</name>
			<condition>New</condition>
			<price>140</price>
			<retailer>AURVANA</retailer>
			<discount>10</discount>
			<rebate>0</rebate>
			<accessories>
			</accessories>
		</product>
		<product>
			<image>Earphone_58.jpg</image>
			<name>MOCSHINO M-BEATS</name>
			<condition>New</condition>
			<price>240</price>
			<retailer>MOSCHINO</retailer>
			<discount>10</discount>
			<rebate>0</rebate>
			<accessories>
				<accessory>Mobile Hard Cover</accessory>
				<accessory>Keyboard Protection</accessory>
			</accessories>
		</product>
		<product>
			<image>Earphone_59.jpg</image>
			<name>CREATIVE C-Series</name>
			<condition>New</condition>
			<price>100</price>
			<retailer>CREATIVE</retailer>
			<discount>20</discount>
			<rebate>0</rebate>
			<accessories>
				<accessory>Wireless Mouse</accessory>
				<accessory>Selfie Stick</accessory>
			</accessories>
		</product>
		<product>
			<image>Earphone_60.jpg</image>
			<name>BEATS HEADPHONE-B</name>
			<condition>New</condition>
			<price>280</price>
			<retailer>BEATS</retailer>
			<discount>10</discount>
			<rebate>0</rebate>
			<accessories>
			</accessories>
		</product>
	</productcategory>
	<productcategory id="ExternalStorage">
		<product id="Harddrive">
			<image>Harddrive_61.jpg</image>
			<name>WD MY PASSPORT 1TB</name>
			<condition>New</condition>
			<price>400</price>
			<retailer>WD</retailer>
			<discount>30</discount>
			<rebate>0</rebate>
			<accessories>
			</accessories>
		</product>
		<product id="Harddrive">
			<image>Harddrive_62.jpg</image>
			<name>SEAGATE 4TB</name>
			<condition>New</condition>
			<price>550</price>
			<retailer>SEAGATE</retailer>
			<discount>30</discount>
			<rebate>0</rebate>
			<accessories>
			</accessories>
		</product>
		<product id="Harddrive">
			<image>Harddrive_63.jpg</image>
			<name>HP External HDD</name>
			<condition>New</condition>
			<price>400</price>
			<retailer>HP</retailer>
			<discount>30</discount>
			<rebate>0</rebate>
			<accessories>
				<accessory>USB Outlets</accessory>
			</accessories>
		</product>
		<product id="Harddrive">
			<image>Harddrive_64.jpg</image>
			<name>WD MY BOOK 16TB</name>
			<condition>New</condition>
			<price>650</price>
			<retailer>WD</retailer>
			<discount>30</discount>
			<rebate>0</rebate>
			<accessories>
				<accessory>Keyboard Protection</accessory>
				<accessory>Mobile Hard Cover</accessory>
				<accessory>Wireless Mouse</accessory>
				<accessory>PowerBank</accessory>
			</accessories>
		</product>
		<product id="MemoryCard">
			<image>Memorycard_64.jpg</image>
			<name>SANDISK MicroSD 32GB</name>
			<condition>New</condition>
			<price>150</price>
			<retailer>SANDISK</retailer>
			<discount>30</discount>
			<rebate>0</rebate>
			<accessories>
			</accessories>
		</product>
		<product id="MemoryCard">
			<image>Memorycard_65.jpg</image>
			<name>SAMSUNG 32 GB High-Speed MicroSDHC</name>
			<condition>New</condition>
			<price>170</price>
			<retailer>SAMSUNG</retailer>
			<discount>30</discount>
			<rebate>0</rebate>
			<accessories>
			</accessories>
		</product>
		<product id="MemoryCard">
			<image>Memorycard_66.jpg</image>
			<name>TRANSCEND Ultra MicroSDXC-I</name>
			<condition>New</condition>
			<price>140</price>
			<retailer></retailer>
			<discount>30</discount>
			<rebate>0</rebate>
			<accessories>
				<accessory>Laptop Bag</accessory>
			</accessories>
		</product>
	</productcategory>
</productcatalog>